[{"q":"Which is official language in Afghanistan?"},{"q":"Which is official language in Albania?","a":"Albanian"},{"q":"Which is official language in Algeria?","a":"Arabic[3]"},{"q":"Which is official language in American-Samoa?","a":"English"},{"q":"Which is official language in Andorra?","a":"Catalana"},{"q":"Which is official language in Angola?","a":"Portuguese"},{"q":"Which is official language in Anguilla?","a":"English"},{"q":"Which is official language in Antigua-and-Barbuda?","a":"English"},{"q":"Which is official language in Argentina?"},{"q":"Which is official language in Armenia?","a":"Armenian[1]"},{"q":"Which is official language in Aruba?","a":"Dutch"},{"q":"Which is official language in Australia?","a":"None[N 2]"},{"q":"Which is official language in Austria?","a":"Austrian German[a]"},{"q":"Which is official language in Azerbaijan?","a":"Azerbaijani"},{"q":"Which is official language in Bahamas?","a":"English"},{"q":"Which is official language in Bahrain?","a":"Arabic"},{"q":"Which is official language in Bangladesh?","a":"Bengali[2]"},{"q":"Which is official language in Barbados?","a":"English"},{"q":"Which is official language in Belarus?","a":"Belarusian"},{"q":"Which is official language in Belgium?","a":"Dutch"},{"q":"Which is official language in Belize?","a":"English"},{"q":"Which is official language in Benin?","a":"French"},{"q":"Which is official language in Bermuda?","a":"English[2]"},{"q":"Which is official language in Bhutan?","a":"Dzongkha"},{"q":"Which is official language in Bolivia?"},{"q":"Which is official language in Bosnia-and-Herzegovina?"},{"q":"Which is official language in Botswana?","a":"Setswana"},{"q":"Which is official language in Brazil?","a":"Portuguese[2][3]"},{"q":"Which is official language in British-Virgin-Islands?","a":"English"},{"q":"Which is official language in Brunei?","a":"Malay[a]"},{"q":"Which is official language in Bulgaria?","a":"Bulgarian"},{"q":"Which is official language in Burkina-Faso?","a":"French"},{"q":"Which is official language in Burundi?"},{"q":"Which is official language in Cambodia?","a":"Khmer"},{"q":"Which is official language in Cameroon?","a":"French"},{"q":"Which is official language in Canada?","a":"English"},{"q":"Which is official language in Cape-Verde?","a":"Portuguese"},{"q":"Which is official language in Cayman-Islands?","a":"English"},{"q":"Which is official language in Central-African-Republic?","a":"French, Sango"},{"q":"Which is official language in Chad?","a":"Arabic"},{"q":"Which is official language in Chile?"},{"q":"Which is official language in China?","a":"Standard Chinese[2][b]"},{"q":"Which is official language in Christmas-Island?","a":"None[a]"},{"q":"Which is official language in Cocos-Keeling-Islands?","a":"None[a]"},{"q":"Which is official language in Colombia?","a":"Spanisha"},{"q":"Which is official language in Comoros?","a":"Comorian"},{"q":"Which is official language in Cook-Islands?","a":"English"},{"q":"Which is official language in Costa-Rica?","a":"Spanish"},{"q":"Which is official language in Croatia?","a":"Croatian"},{"q":"Which is official language in Cuba?","a":"Spanish"},{"q":"Which is official language in Curacao?","a":"Dutch"},{"q":"Which is official language in Cyprus?","a":"Greek"},{"q":"Which is official language in Czech-Republic?"},{"q":"Which is official language in Democratic-Republic-of-the-Congo?","a":"French"},{"q":"Which is official language in Denmark?","a":"Danish"},{"q":"Which is official language in Djibouti?","a":"French"},{"q":"Which is official language in Dominica?","a":"English"},{"q":"Which is official language in Dominican-Republic?","a":"Spanish"},{"q":"Which is official language in East-Timor?","a":"Tetum"},{"q":"Which is official language in Ecuador?","a":"Spanish[1]"},{"q":"Which is official language in Egypt?","a":"Arabic[a]"},{"q":"Which is official language in El-Salvador?","a":"Spanish"},{"q":"Which is official language in Equatorial-Guinea?","a":"Spanish (national language)"},{"q":"Which is official language in Eritrea?","a":"None[1] (see working languages)"},{"q":"Which is official language in Estonia?","a":"Estonianb"},{"q":"Which is official language in Ethiopia?","a":"Amharic[1]"},{"q":"Which is official language in Falkland-Islands?","a":"English"},{"q":"Which is official language in Faroe-Islands?","a":"Faroese"},{"q":"Which is official language in Fiji?"},{"q":"Which is official language in Finland?","a":"Finnish (88.67%)"},{"q":"Which is official language in France?"},{"q":"Which is official language in French-Guiana?"},{"q":"Which is official language in French-Polynesia?","a":"French"},{"q":"Which is official language in Gabon?","a":"French"},{"q":"Which is official language in Gambia?","a":"English"},{"q":"Which is official language in Gaza-Strip?","a":"Arabic"},{"q":"Which is official language in Germany?","a":"German[1][c]"},{"q":"Which is official language in Ghana?","a":"English[2][3]"},{"q":"Which is official language in Gibraltar?","a":"English"},{"q":"Which is official language in Greece?"},{"q":"Which is official language in Greenland?","a":"Greenlandic[a]"},{"q":"Which is official language in Grenada?","a":"English"},{"q":"Which is official language in Guadeloupe?"},{"q":"Which is official language in Guam?","a":"English"},{"q":"Which is official language in Guatemala?","a":"Spanish"},{"q":"Which is official language in Guernsey?","a":"Englishb"},{"q":"Which is official language in Guinea?","a":"French"},{"q":"Which is official language in Guinea-Bissau?","a":"Portuguese"},{"q":"Which is official language in Guyana?","a":"English"},{"q":"Which is official language in Haiti?","a":"French"},{"q":"Which is official language in Honduras?","a":"Spanish"},{"q":"Which is official language in Hong-Kong?","a":"Chinesea"},{"q":"Which is official language in Hungary?","a":"Hungarian"},{"q":"Which is official language in Iceland?"},{"q":"Which is official language in India?","a":"Hindi · English[b][6]"},{"q":"Which is official language in Indonesia?","a":"Indonesian"},{"q":"Which is official language in Iran?","a":"Persian"},{"q":"Which is official language in Iraq?","a":"Arabic"},{"q":"Which is official language in Isle-of-Man?","a":"English, Manx"},{"q":"Which is official language in Israel?","a":"Hebrew"},{"q":"Which is official language in Italy?","a":"Italiana"},{"q":"Which is official language in Ivory-Coast?","a":"French"},{"q":"Which is official language in Jamaica?","a":"English"},{"q":"Which is official language in Japan?","a":"None[6]"},{"q":"Which is official language in Jersey?","a":"English"},{"q":"Which is official language in Jordan?","a":"Arabic"},{"q":"Which is official language in Kazakhstan?","a":"Kazakh (official state language)"},{"q":"Which is official language in Kenya?","a":"English"},{"q":"Which is official language in Kiribati?","a":"English"},{"q":"Which is official language in Kosovo?","a":"Albanian"},{"q":"Which is official language in Kuwait?","a":"Arabic"},{"q":"Which is official language in Kyrgyzstan?"},{"q":"Which is official language in Laos?","a":"Lao"},{"q":"Which is official language in Latvia?","a":"Latviana"},{"q":"Which is official language in Lebanon?","a":"Arabic[nb 1]"},{"q":"Which is official language in Lesotho?","a":"Sotho"},{"q":"Which is official language in Liberia?","a":"English"},{"q":"Which is official language in Libya?","a":"Arabic[b]"},{"q":"Which is official language in Liechtenstein?","a":"German"},{"q":"Which is official language in Lithuania?","a":"Lithuanian"},{"q":"Which is official language in Luxembourg?","a":"French"},{"q":"Which is official language in Macau?","a":"Cantonese"},{"q":"Which is official language in Republic-of-Macedonia?","a":"Macedonian[1][2]"},{"q":"Which is official language in Madagascar?","a":"Malagasy"},{"q":"Which is official language in Malawi?","a":"English[2]"},{"q":"Which is official language in Malaysia?","a":"Bahasa Malaysia"},{"q":"Which is official language in Maldives?","a":"Maldivian (Dhivehi)"},{"q":"Which is official language in Mali?","a":"French"},{"q":"Which is official language in Malta?","a":"Maltese, English, Maltese Sign Language[1]"},{"q":"Which is official language in Marshall-Islands?","a":"Marshallese"},{"q":"Which is official language in Martinique?"},{"q":"Which is official language in Mauritania?","a":"Arabica"},{"q":"Which is official language in Mauritius?","a":"Nonea"},{"q":"Which is official language in Mayotte?"},{"q":"Which is official language in Mexico?","a":"None at federal level"},{"q":"Which is official language in Moldova?","a":"Romanian a[1][2][3]"},{"q":"Which is official language in Monaco?","a":"French[3]"},{"q":"Which is official language in Mongolia?","a":"Mongolian"},{"q":"Which is official language in Montenegro?","a":"Serbian[1]"},{"q":"Which is official language in Montserrat?","a":"English"},{"q":"Which is official language in Morocco?","a":"Arabic"},{"q":"Which is official language in Mozambique?","a":"Portuguese"},{"q":"Which is official language in Myanmar?","a":"Burmese"},{"q":"Which is official language in Namibia?","a":"English"},{"q":"Which is official language in Nauru?","a":"Nauruan (native)"},{"q":"Which is official language in Nepal?","a":"Nepali"},{"q":"Which is official language in Netherlands?","a":"​"},{"q":"Which is official language in New-Caledonia?","a":"French"},{"q":"Which is official language in New-Zealand?","a":"96.1% English[n 2][n 3]"},{"q":"Which is official language in Nicaragua?","a":"Spanish"},{"q":"Which is official language in Niger?","a":"French"},{"q":"Which is official language in Nigeria?","a":"English"},{"q":"Which is official language in Niue?","a":"Niuean"},{"q":"Which is official language in Norfolk-Island?","a":"English"},{"q":"Which is official language in Northern-Mariana-Islands?","a":"English"},{"q":"Which is official language in North-Korea?","a":"Korean"},{"q":"Which is official language in Norway?","a":"Norwegian"},{"q":"Which is official language in Oman?","a":"Arabic"},{"q":"Which is official language in Pakistan?","a":"Urdu[4][5][6][7][8]"},{"q":"Which is official language in Palau?","a":"English, Palauan"},{"q":"Which is official language in Panama?","a":"Spanish"},{"q":"Which is official language in Papua-New-Guinea?"},{"q":"Which is official language in Paraguay?","a":"Spanish"},{"q":"Which is official language in Peru?"},{"q":"Which is official language in Philippines?","a":"Filipino"},{"q":"Which is official language in Pitcairn-Islands?"},{"q":"Which is official language in Poland?","a":"Polish[1]"},{"q":"Which is official language in Portugal?","a":"Portuguese"},{"q":"Which is official language in Puerto-Rico?","a":"Spanish (most commonly used)"},{"q":"Which is official language in Qatar?","a":"Arabic, English"},{"q":"Which is official language in Republic-of-the-Congo?","a":"French"},{"q":"Which is official language in Réunion?"},{"q":"Which is official language in Romania?","a":"Romanian[1]"},{"q":"Which is official language in Russia?","a":"Russian"},{"q":"Which is official language in Rwanda?","a":"Kinyarwanda"},{"q":"Which is official language in Saint-Helena,-Ascension-and-Tristan-da-Cunha?","a":"English"},{"q":"Which is official language in Saint-Kitts-and-Nevis?","a":"English"},{"q":"Which is official language in Saint-Lucia?","a":"English"},{"q":"Which is official language in Saint-Pierre-and-Miquelon?","a":"French"},{"q":"Which is official language in Saint-Vincent-and-the-Grenadines?","a":"English"},{"q":"Which is official language in Samoa?","a":"Samoan"},{"q":"Which is official language in San-Marino?","a":"Italian"},{"q":"Which is official language in São-Tomé-and-Príncipe?","a":"Portuguese"},{"q":"Which is official language in Saudi-Arabia?","a":"Arabic[3]"},{"q":"Which is official language in Senegal?","a":"French"},{"q":"Which is official language in Serbia?","a":"Serbian"},{"q":"Which is official language in Seychelles?","a":"English"},{"q":"Which is official language in Sierra-Leone?","a":"English"},{"q":"Which is official language in Singapore?","a":"English"},{"q":"Which is official language in Sint-Maarten?","a":"Dutch"},{"q":"Which is official language in Slovakia?","a":"Slovak"},{"q":"Which is official language in Slovenia?","a":"Slovene"},{"q":"Which is official language in Solomon-Islands?","a":"English"},{"q":"Which is official language in Somalia?","a":"Somali"},{"q":"Which is official language in South-Africa?","a":"[Note 1]"},{"q":"Which is official language in South-Korea?","a":"Korean"},{"q":"Which is official language in South-Sudan?","a":"English[1][2]"},{"q":"Which is official language in Spain?"},{"q":"Which is official language in Sri-Lanka?","a":"Sinhalese"},{"q":"Which is official language in Sudan?","a":"Arabic, English[3]"},{"q":"Which is official language in Suriname?","a":"Dutch"},{"q":"Which is official language in Svalbard?","a":"Norwegian Bokmål"},{"q":"Which is official language in Swaziland?","a":"Swazi"},{"q":"Which is official language in Sweden?","a":"Swedish[c]"},{"q":"Which is official language in Switzerland?","a":"German"},{"q":"Which is official language in Syria?","a":"Arabic"},{"q":"Which is official language in Taiwan?","a":"Mandarin[3][4]"},{"q":"Which is official language in Tajikistan?","a":"Tajik"},{"q":"Which is official language in Tanzania?","a":"none de jure"},{"q":"Which is official language in Thailand?","a":"Thai[1]"},{"q":"Which is official language in Togo?","a":"French"},{"q":"Which is official language in Tokelau?","a":"Tokelauan"},{"q":"Which is official language in Tonga?","a":"Tongan"},{"q":"Which is official language in Trinidad-and-Tobago?","a":"English"},{"q":"Which is official language in Tunisia?","a":"Arabic[2]"},{"q":"Which is official language in Turkey?","a":"Turkish"},{"q":"Which is official language in Turkmenistan?","a":"Turkmen[1]"},{"q":"Which is official language in Turks-and-Caicos-Islands?","a":"English"},{"q":"Which is official language in Tuvalu?","a":"Tuvaluan"},{"q":"Which is official language in Uganda?","a":"English (\"the official language\"), Swahili (\"the second official language\")[2]"},{"q":"Which is official language in Ukraine?","a":"Ukrainian"},{"q":"Which is official language in United-Arab-Emirates?","a":"Arabic"},{"q":"Which is official language in United-Kingdom?"},{"q":"Which is official language in United-States?","a":"None at federal level[fn 1]"},{"q":"Which is official language in United-States-Virgin-Islands?","a":"English"},{"q":"Which is official language in Uruguay?","a":"Spanish"},{"q":"Which is official language in Uzbekistan?","a":"Uzbek"},{"q":"Which is official language in Vanuatu?","a":"Bislama"},{"q":"Which is official language in Vatican-City?","a":"Italian[a]"},{"q":"Which is official language in Venezuela?","a":"Spanishb"},{"q":"Which is official language in Vietnam?","a":"Vietnamese"},{"q":"Which is official language in Wallis-and-Futuna-Islands?","a":"French"},{"q":"Which is official language in Yemen?","a":"Arabic"},{"q":"Which is official language in Zambia?","a":"English"},{"q":"Which is official language in Zimbabwe?","a":"16 languages[3][show]"}]